"","Df","SumOfSqs","R2","F","Pr(>F)"
"RegionNew",2,1.39942251176046,0.228754290352712,12.076409238053,2e-04
"Rain",1,0.17514353035091,0.0286295480161241,3.02282538710079,0.0672
"Depth",1,0.023666747985279,0.0038686458841643,0.408467538005445,0.6034
"Residual",78,4.51934651126954,0.738747515747,NA,NA
"Total",82,6.11757930136618,1,NA,NA
